Day,Weather_State
1,Sunny
2,Sunny
3,Sunny
4,Sunny
5,Sunny
6,Rainy
7,Windy
8,Rainy
9,Rainy
10,Rainy
11,Rainy
12,Rainy
13,Rainy
14,Rainy
15,Rainy
16,Rainy
17,Rainy
18,Rainy
19,Rainy
20,Windy
21,Windy
22,Rainy
23,Windy
24,Windy
25,Windy
26,Rainy
27,Rainy
28,Rainy
29,Rainy
30,Windy
31,Sunny
32,Rainy
33,Windy
34,Windy
35,Rainy
36,Rainy
37,Rainy
38,Windy
39,Sunny
40,Windy
41,Sunny
42,Rainy
43,Rainy
44,Rainy
45,Rainy
46,Rainy
47,Rainy
48,Rainy
49,Rainy
50,Rainy
51,Rainy
52,Rainy
53,Rainy
54,Rainy
55,Sunny
56,Sunny
57,Sunny
58,Sunny
59,Rainy
60,Rainy
61,Rainy
62,Sunny
63,Sunny
64,Sunny
65,Sunny
66,Rainy
67,Windy
68,Windy
69,Windy
70,Windy
71,Windy
72,Windy
73,Rainy
74,Sunny
75,Sunny
76,Sunny
77,Sunny
78,Windy
79,Windy
80,Windy
81,Windy
82,Sunny
83,Sunny
84,Sunny
85,Windy
86,Windy
87,Windy
88,Rainy
89,Rainy
90,Rainy
91,Rainy
92,Rainy
93,Rainy
94,Windy
95,Windy
96,Windy
97,Windy
98,Rainy
99,Rainy
100,Sunny
101,Windy
102,Windy
103,Sunny
104,Sunny
105,Sunny
106,Sunny
107,Sunny
108,Sunny
109,Sunny
110,Sunny
111,Windy
112,Rainy
113,Rainy
114,Rainy
115,Rainy
116,Sunny
117,Windy
118,Windy
119,Sunny
120,Sunny
121,Sunny
122,Rainy
123,Rainy
124,Windy
125,Windy
126,Windy
127,Windy
128,Windy
129,Rainy
130,Sunny
131,Rainy
132,Rainy
133,Rainy
134,Sunny
135,Windy
136,Windy
137,Windy
138,Windy
139,Sunny
140,Rainy
141,Rainy
142,Rainy
143,Rainy
144,Rainy
145,Sunny
146,Sunny
147,Sunny
148,Sunny
149,Rainy
150,Rainy
151,Rainy
152,Sunny
153,Sunny
154,Sunny
155,Sunny
156,Sunny
157,Sunny
158,Sunny
159,Sunny
160,Sunny
161,Sunny
162,Sunny
163,Sunny
164,Sunny
165,Windy
166,Rainy
167,Rainy
168,Rainy
169,Windy
170,Windy
171,Windy
172,Rainy
173,Rainy
174,Rainy
175,Windy
176,Rainy
177,Rainy
178,Rainy
179,Rainy
180,Rainy
181,Rainy
182,Windy
183,Sunny
184,Windy
185,Windy
186,Windy
187,Windy
188,Rainy
189,Rainy
190,Rainy
191,Rainy
192,Rainy
193,Rainy
194,Rainy
195,Sunny
196,Sunny
197,Windy
198,Sunny
199,Sunny
200,Windy
201,Rainy
202,Sunny
203,Windy
204,Rainy
205,Rainy
206,Rainy
207,Rainy
208,Rainy
209,Rainy
210,Rainy
211,Sunny
212,Sunny
213,Rainy
214,Rainy
215,Rainy
216,Sunny
217,Windy
218,Sunny
219,Rainy
220,Rainy
221,Rainy
222,Sunny
223,Sunny
224,Sunny
225,Rainy
226,Rainy
227,Rainy
228,Rainy
229,Sunny
230,Sunny
231,Windy
232,Windy
233,Windy
234,Sunny
235,Sunny
236,Sunny
237,Sunny
238,Windy
239,Windy
240,Sunny
241,Sunny
242,Sunny
243,Sunny
244,Sunny
245,Windy
246,Windy
247,Sunny
248,Sunny
249,Sunny
250,Sunny
251,Sunny
252,Sunny
253,Rainy
254,Rainy
255,Rainy
256,Sunny
257,Windy
258,Windy
259,Windy
260,Windy
261,Rainy
262,Sunny
263,Windy
264,Windy
265,Windy
266,Rainy
267,Windy
268,Sunny
269,Windy
270,Sunny
271,Sunny
272,Rainy
273,Rainy
274,Windy
275,Rainy
276,Rainy
277,Rainy
278,Rainy
279,Rainy
280,Rainy
281,Rainy
282,Windy
283,Windy
284,Sunny
285,Sunny
286,Sunny
287,Windy
288,Rainy
289,Rainy
290,Rainy
291,Rainy
292,Rainy
293,Windy
294,Sunny
295,Sunny
296,Rainy
297,Rainy
298,Rainy
299,Rainy
300,Rainy
301,Sunny
302,Windy
303,Windy
304,Rainy
305,Rainy
306,Rainy
307,Rainy
308,Rainy
309,Sunny
310,Rainy
311,Sunny
312,Windy
313,Windy
314,Windy
315,Windy
316,Sunny
317,Windy
318,Windy
319,Sunny
320,Sunny
321,Windy
322,Rainy
323,Sunny
324,Rainy
325,Sunny
326,Sunny
327,Rainy
328,Rainy
329,Sunny
330,Rainy
331,Sunny
332,Rainy
333,Rainy
334,Windy
335,Windy
336,Rainy
337,Sunny
338,Sunny
339,Rainy
340,Rainy
341,Rainy
342,Windy
343,Windy
344,Windy
345,Windy
346,Windy
347,Rainy
348,Sunny
349,Sunny
350,Sunny
351,Sunny
352,Windy
353,Windy
354,Rainy
355,Rainy
356,Sunny
357,Sunny
358,Windy
359,Windy
360,Windy
361,Windy
362,Sunny
363,Sunny
364,Sunny
365,Sunny
366,Sunny
367,Sunny
368,Sunny
369,Rainy
370,Rainy
371,Sunny
372,Sunny
373,Rainy
374,Windy
375,Sunny
376,Sunny
377,Sunny
378,Sunny
379,Sunny
380,Sunny
381,Rainy
382,Windy
383,Windy
384,Windy
385,Windy
386,Windy
387,Windy
388,Windy
389,Windy
390,Rainy
391,Windy
392,Rainy
393,Rainy
394,Rainy
395,Rainy
396,Rainy
397,Rainy
398,Rainy
399,Rainy
400,Windy
401,Windy
402,Windy
403,Windy
404,Windy
405,Rainy
406,Windy
407,Windy
408,Windy
409,Windy
410,Sunny
411,Sunny
412,Rainy
413,Windy
414,Sunny
415,Sunny
416,Sunny
417,Sunny
418,Sunny
419,Sunny
420,Rainy
421,Rainy
422,Rainy
423,Rainy
424,Rainy
425,Windy
426,Windy
427,Windy
428,Sunny
429,Sunny
430,Rainy
431,Windy
432,Windy
433,Windy
434,Windy
435,Rainy
436,Rainy
437,Rainy
438,Rainy
439,Windy
440,Windy
441,Rainy
442,Windy
443,Rainy
444,Rainy
445,Sunny
446,Windy
447,Sunny
448,Rainy
449,Rainy
450,Windy
451,Windy
452,Rainy
453,Windy
454,Windy
455,Windy
456,Windy
457,Sunny
458,Rainy
459,Rainy
460,Rainy
461,Rainy
462,Rainy
463,Rainy
464,Rainy
465,Rainy
466,Rainy
467,Rainy
468,Rainy
469,Windy
470,Sunny
471,Sunny
472,Sunny
473,Sunny
474,Sunny
475,Sunny
476,Sunny
477,Windy
478,Sunny
479,Sunny
480,Windy
481,Sunny
482,Sunny
483,Sunny
484,Sunny
485,Rainy
486,Sunny
487,Windy
488,Windy
489,Sunny
490,Sunny
491,Sunny
492,Sunny
493,Sunny
494,Sunny
495,Sunny
496,Sunny
497,Sunny
498,Sunny
499,Sunny
500,Sunny
501,Sunny
502,Sunny
503,Sunny
504,Sunny
505,Sunny
506,Sunny
507,Sunny
508,Sunny
509,Sunny
510,Sunny
511,Sunny
512,Sunny
513,Sunny
514,Rainy
515,Rainy
516,Windy
517,Rainy
518,Rainy
519,Rainy
520,Rainy
521,Rainy
522,Sunny
523,Sunny
524,Sunny
525,Rainy
526,Windy
527,Sunny
528,Windy
529,Windy
530,Windy
531,Windy
532,Windy
533,Sunny
534,Sunny
535,Sunny
536,Sunny
537,Rainy
538,Rainy
539,Rainy
540,Windy
541,Windy
542,Rainy
543,Sunny
544,Sunny
545,Sunny
546,Sunny
547,Sunny
548,Windy
549,Windy
550,Sunny
551,Sunny
552,Sunny
553,Sunny
554,Sunny
555,Rainy
556,Sunny
557,Sunny
558,Sunny
559,Windy
560,Sunny
561,Sunny
562,Sunny
563,Sunny
564,Sunny
565,Sunny
566,Rainy
567,Windy
568,Windy
569,Rainy
570,Rainy
571,Windy
572,Sunny
573,Sunny
574,Rainy
575,Sunny
576,Sunny
577,Rainy
578,Rainy
579,Rainy
580,Rainy
581,Windy
582,Windy
583,Rainy
584,Windy
585,Windy
586,Rainy
587,Rainy
588,Rainy
589,Rainy
590,Rainy
591,Rainy
592,Sunny
593,Sunny
594,Sunny
595,Rainy
596,Rainy
597,Sunny
598,Rainy
599,Rainy
600,Rainy
601,Sunny
602,Sunny
603,Rainy
604,Rainy
605,Windy
606,Sunny
607,Sunny
608,Sunny
609,Rainy
610,Rainy
611,Rainy
612,Windy
613,Windy
614,Sunny
615,Sunny
616,Sunny
617,Sunny
618,Rainy
619,Rainy
620,Windy
621,Windy
622,Windy
623,Windy
624,Windy
625,Windy
626,Windy
627,Sunny
628,Sunny
629,Sunny
630,Sunny
631,Rainy
632,Sunny
633,Sunny
634,Sunny
635,Sunny
636,Sunny
637,Sunny
638,Sunny
639,Sunny
640,Sunny
641,Sunny
642,Windy
643,Sunny
644,Sunny
645,Sunny
646,Windy
647,Windy
648,Rainy
649,Rainy
650,Rainy
651,Rainy
652,Rainy
653,Rainy
654,Sunny
655,Sunny
656,Rainy
657,Rainy
658,Rainy
659,Rainy
660,Rainy
661,Rainy
662,Rainy
663,Rainy
664,Sunny
665,Sunny
666,Rainy
667,Rainy
668,Windy
669,Windy
670,Windy
671,Windy
672,Windy
673,Rainy
674,Sunny
675,Sunny
676,Sunny
677,Sunny
678,Rainy
679,Sunny
680,Sunny
681,Sunny
682,Sunny
683,Sunny
684,Sunny
685,Sunny
686,Sunny
687,Sunny
688,Sunny
689,Sunny
690,Sunny
691,Rainy
692,Windy
693,Windy
694,Sunny
695,Windy
696,Sunny
697,Sunny
698,Sunny
699,Windy
700,Windy
701,Windy
702,Sunny
703,Windy
704,Rainy
705,Rainy
706,Rainy
707,Rainy
708,Windy
709,Sunny
710,Sunny
711,Sunny
712,Sunny
713,Sunny
714,Windy
715,Windy
716,Windy
717,Windy
718,Windy
719,Windy
720,Windy
721,Windy
722,Windy
723,Rainy
724,Windy
725,Sunny
726,Windy
727,Rainy
728,Windy
729,Windy
730,Windy
731,Sunny
732,Sunny
733,Sunny
734,Windy
735,Windy
736,Sunny
737,Sunny
738,Sunny
739,Sunny
740,Sunny
741,Sunny
742,Sunny
743,Windy
744,Windy
745,Sunny
746,Sunny
747,Windy
748,Rainy
749,Rainy
750,Rainy
751,Rainy
752,Rainy
753,Sunny
754,Sunny
755,Sunny
756,Windy
757,Sunny
758,Sunny
759,Sunny
760,Sunny
761,Sunny
762,Rainy
763,Rainy
764,Windy
765,Windy
766,Windy
767,Rainy
768,Rainy
769,Windy
770,Windy
771,Rainy
772,Rainy
773,Rainy
774,Rainy
775,Rainy
776,Rainy
777,Rainy
778,Sunny
779,Windy
780,Windy
781,Windy
782,Rainy
783,Rainy
784,Windy
785,Windy
786,Windy
787,Rainy
788,Sunny
789,Sunny
790,Sunny
791,Sunny
792,Windy
793,Windy
794,Rainy
795,Sunny
796,Sunny
797,Rainy
798,Rainy
799,Sunny
800,Sunny
801,Rainy
802,Rainy
803,Rainy
804,Rainy
805,Sunny
806,Sunny
807,Sunny
808,Sunny
809,Sunny
810,Sunny
811,Sunny
812,Sunny
813,Sunny
814,Sunny
815,Sunny
816,Sunny
817,Sunny
818,Rainy
819,Rainy
820,Windy
821,Sunny
822,Rainy
823,Rainy
824,Windy
825,Rainy
826,Sunny
827,Sunny
828,Sunny
829,Sunny
830,Sunny
831,Windy
832,Rainy
833,Rainy
834,Rainy
835,Rainy
836,Windy
837,Windy
838,Sunny
839,Sunny
840,Sunny
841,Windy
842,Windy
843,Sunny
844,Sunny
845,Windy
846,Rainy
847,Sunny
848,Sunny
849,Sunny
850,Rainy
851,Windy
852,Rainy
853,Rainy
854,Rainy
855,Rainy
856,Sunny
857,Windy
858,Sunny
859,Sunny
860,Sunny
861,Sunny
862,Windy
863,Windy
864,Sunny
865,Windy
866,Windy
867,Sunny
868,Sunny
869,Sunny
870,Sunny
871,Sunny
872,Sunny
873,Rainy
874,Rainy
875,Rainy
876,Sunny
877,Sunny
878,Sunny
879,Windy
880,Windy
881,Windy
882,Windy
883,Windy
884,Windy
885,Rainy
886,Sunny
887,Sunny
888,Sunny
889,Sunny
890,Sunny
891,Sunny
892,Sunny
893,Sunny
894,Sunny
895,Rainy
896,Rainy
897,Rainy
898,Rainy
899,Rainy
900,Rainy
901,Rainy
902,Sunny
903,Sunny
904,Windy
905,Sunny
906,Sunny
907,Sunny
908,Sunny
909,Rainy
910,Rainy
911,Rainy
912,Rainy
913,Sunny
914,Sunny
915,Rainy
916,Rainy
917,Rainy
918,Rainy
919,Rainy
920,Windy
921,Sunny
922,Sunny
923,Rainy
924,Rainy
925,Sunny
926,Sunny
927,Sunny
928,Sunny
929,Sunny
930,Rainy
931,Rainy
932,Rainy
933,Windy
934,Windy
935,Windy
936,Windy
937,Rainy
938,Rainy
939,Sunny
940,Rainy
941,Rainy
942,Windy
943,Windy
944,Rainy
945,Windy
946,Windy
947,Windy
948,Rainy
949,Rainy
950,Sunny
951,Windy
952,Sunny
953,Windy
954,Rainy
955,Windy
956,Windy
957,Sunny
958,Sunny
959,Sunny
960,Sunny
961,Sunny
962,Sunny
963,Sunny
964,Rainy
965,Sunny
966,Sunny
967,Sunny
968,Sunny
969,Windy
970,Sunny
971,Windy
972,Windy
973,Windy
974,Rainy
975,Sunny
976,Sunny
977,Sunny
978,Sunny
979,Windy
980,Windy
981,Windy
982,Windy
983,Rainy
984,Rainy
985,Rainy
986,Windy
987,Sunny
988,Windy
989,Windy
990,Sunny
991,Sunny
992,Sunny
993,Sunny
994,Sunny
995,Sunny
996,Windy
997,Windy
998,Windy
999,Windy
1000,Rainy
1001,Sunny
1002,Sunny
1003,Sunny
1004,Sunny
1005,Windy
1006,Windy
1007,Windy
1008,Windy
1009,Windy
1010,Rainy
1011,Rainy
1012,Windy
1013,Sunny
1014,Sunny
1015,Sunny
1016,Rainy
1017,Rainy
1018,Rainy
1019,Rainy
1020,Rainy
1021,Windy
1022,Windy
1023,Windy
1024,Rainy
1025,Rainy
1026,Rainy
1027,Sunny
1028,Sunny
1029,Windy
1030,Windy
1031,Windy
1032,Windy
1033,Windy
1034,Sunny
1035,Sunny
1036,Sunny
1037,Rainy
1038,Rainy
1039,Rainy
1040,Rainy
1041,Rainy
1042,Windy
1043,Windy
1044,Sunny
1045,Sunny
1046,Rainy
1047,Rainy
1048,Rainy
1049,Rainy
1050,Sunny
1051,Sunny
1052,Rainy
1053,Sunny
1054,Sunny
1055,Sunny
1056,Windy
1057,Windy
1058,Windy
1059,Windy
1060,Sunny
1061,Sunny
1062,Windy
1063,Windy
1064,Windy
1065,Sunny
1066,Sunny
1067,Sunny
1068,Sunny
1069,Sunny
1070,Sunny
1071,Windy
1072,Windy
1073,Windy
1074,Sunny
1075,Sunny
1076,Rainy
1077,Sunny
1078,Sunny
1079,Rainy
1080,Windy
1081,Windy
1082,Windy
1083,Windy
1084,Windy
1085,Windy
1086,Windy
1087,Windy
1088,Windy
1089,Sunny
1090,Sunny
1091,Sunny
1092,Windy
1093,Windy
1094,Rainy
1095,Rainy
1096,Rainy
1097,Windy
1098,Rainy
1099,Rainy
1100,Rainy
1101,Rainy
1102,Rainy
1103,Rainy
1104,Rainy
1105,Windy
1106,Sunny
1107,Windy
1108,Sunny
1109,Windy
1110,Sunny
1111,Sunny
1112,Sunny
1113,Sunny
1114,Sunny
1115,Sunny
1116,Sunny
1117,Rainy
1118,Rainy
1119,Windy
1120,Sunny
1121,Rainy
1122,Windy
1123,Rainy
1124,Windy
1125,Sunny
1126,Sunny
1127,Sunny
1128,Windy
1129,Rainy
1130,Rainy
1131,Rainy
1132,Windy
1133,Windy
1134,Windy
1135,Windy
1136,Rainy
1137,Rainy
1138,Rainy
1139,Rainy
1140,Rainy
1141,Rainy
1142,Windy
1143,Windy
1144,Windy
1145,Windy
1146,Windy
1147,Sunny
1148,Rainy
1149,Rainy
1150,Rainy
1151,Rainy
1152,Rainy
1153,Rainy
1154,Windy
1155,Windy
1156,Sunny
1157,Sunny
1158,Sunny
1159,Sunny
1160,Rainy
1161,Rainy
1162,Rainy
1163,Rainy
1164,Windy
1165,Windy
1166,Sunny
1167,Sunny
1168,Sunny
1169,Sunny
1170,Sunny
1171,Sunny
1172,Sunny
1173,Sunny
1174,Sunny
1175,Sunny
1176,Sunny
1177,Rainy
1178,Rainy
1179,Rainy
1180,Windy
1181,Windy
1182,Rainy
1183,Windy
1184,Windy
1185,Rainy
1186,Rainy
1187,Rainy
1188,Sunny
1189,Windy
1190,Sunny
1191,Sunny
1192,Rainy
1193,Rainy
1194,Rainy
1195,Rainy
1196,Rainy
1197,Windy
1198,Sunny
1199,Rainy
1200,Sunny
1201,Sunny
1202,Rainy
1203,Rainy
1204,Rainy
1205,Rainy
1206,Rainy
1207,Rainy
1208,Rainy
1209,Rainy
1210,Rainy
1211,Rainy
1212,Rainy
1213,Rainy
1214,Sunny
1215,Sunny
1216,Rainy
1217,Windy
1218,Rainy
1219,Rainy
1220,Rainy
1221,Rainy
1222,Rainy
1223,Windy
1224,Sunny
1225,Sunny
1226,Rainy
1227,Rainy
1228,Windy
1229,Sunny
1230,Sunny
1231,Windy
1232,Sunny
1233,Sunny
1234,Sunny
1235,Windy
1236,Sunny
1237,Sunny
1238,Sunny
1239,Sunny
1240,Sunny
1241,Sunny
1242,Sunny
1243,Sunny
1244,Sunny
1245,Sunny
1246,Sunny
1247,Rainy
1248,Rainy
1249,Sunny
1250,Windy
1251,Sunny
1252,Sunny
1253,Sunny
1254,Sunny
1255,Rainy
1256,Sunny
1257,Sunny
1258,Rainy
1259,Windy
1260,Windy
1261,Windy
1262,Windy
1263,Windy
1264,Windy
1265,Rainy
1266,Rainy
1267,Windy
1268,Windy
1269,Windy
1270,Windy
1271,Windy
1272,Windy
1273,Windy
1274,Windy
1275,Windy
1276,Windy
1277,Windy
1278,Windy
1279,Sunny
1280,Rainy
1281,Rainy
1282,Rainy
1283,Rainy
1284,Windy
1285,Windy
1286,Sunny
1287,Sunny
1288,Windy
1289,Rainy
1290,Rainy
1291,Rainy
1292,Rainy
1293,Rainy
1294,Sunny
1295,Sunny
1296,Sunny
1297,Sunny
1298,Windy
1299,Windy
1300,Windy
1301,Sunny
1302,Rainy
1303,Windy
1304,Rainy
1305,Windy
1306,Sunny
1307,Sunny
1308,Sunny
1309,Sunny
1310,Sunny
1311,Sunny
1312,Sunny
1313,Sunny
1314,Windy
1315,Windy
1316,Windy
1317,Windy
1318,Windy
1319,Rainy
1320,Rainy
1321,Windy
1322,Rainy
1323,Sunny
1324,Sunny
1325,Sunny
1326,Rainy
1327,Rainy
1328,Rainy
1329,Rainy
1330,Windy
1331,Sunny
1332,Rainy
1333,Rainy
1334,Rainy
1335,Rainy
1336,Windy
1337,Windy
1338,Windy
1339,Windy
1340,Sunny
1341,Sunny
1342,Sunny
1343,Sunny
1344,Rainy
1345,Rainy
1346,Windy
1347,Windy
1348,Rainy
1349,Sunny
1350,Sunny
1351,Sunny
1352,Sunny
1353,Sunny
1354,Windy
1355,Rainy
1356,Windy
1357,Windy
1358,Windy
1359,Sunny
1360,Windy
1361,Sunny
1362,Sunny
1363,Rainy
1364,Sunny
1365,Sunny
1366,Rainy
1367,Rainy
1368,Sunny
1369,Sunny
1370,Sunny
1371,Windy
1372,Windy
1373,Windy
1374,Windy
1375,Windy
1376,Windy
1377,Windy
1378,Windy
1379,Rainy
1380,Rainy
1381,Rainy
1382,Sunny
1383,Rainy
1384,Rainy
1385,Windy
1386,Windy
1387,Windy
1388,Rainy
1389,Windy
1390,Windy
1391,Sunny
1392,Sunny
1393,Sunny
1394,Sunny
1395,Sunny
1396,Rainy
1397,Rainy
1398,Windy
1399,Windy
1400,Windy
1401,Windy
1402,Windy
1403,Windy
1404,Windy
1405,Sunny
1406,Sunny
1407,Sunny
1408,Windy
1409,Sunny
1410,Sunny
1411,Sunny
1412,Sunny
1413,Sunny
1414,Sunny
1415,Sunny
1416,Sunny
1417,Sunny
1418,Sunny
1419,Sunny
1420,Windy
1421,Windy
1422,Windy
1423,Windy
1424,Rainy
1425,Rainy
1426,Rainy
1427,Rainy
1428,Rainy
1429,Sunny
1430,Sunny
1431,Sunny
1432,Rainy
1433,Rainy
1434,Windy
1435,Sunny
1436,Rainy
1437,Windy
1438,Windy
1439,Windy
1440,Windy
1441,Rainy
1442,Rainy
1443,Windy
1444,Windy
1445,Sunny
1446,Sunny
1447,Rainy
1448,Rainy
1449,Windy
1450,Windy
1451,Windy
1452,Windy
1453,Windy
1454,Windy
1455,Rainy
1456,Rainy
1457,Sunny
1458,Sunny
1459,Sunny
1460,Rainy
1461,Rainy
1462,Rainy
1463,Windy
1464,Rainy
1465,Rainy
1466,Rainy
1467,Rainy
1468,Sunny
1469,Rainy
1470,Sunny
1471,Sunny
1472,Windy
1473,Windy
1474,Windy
1475,Rainy
1476,Rainy
1477,Windy
1478,Sunny
1479,Sunny
1480,Sunny
1481,Rainy
1482,Rainy
1483,Rainy
1484,Rainy
1485,Windy
1486,Windy
1487,Sunny
1488,Sunny
1489,Sunny
1490,Sunny
1491,Sunny
1492,Windy
1493,Windy
1494,Rainy
1495,Rainy
1496,Sunny
1497,Windy
1498,Windy
1499,Sunny
1500,Sunny
1501,Rainy
1502,Windy
1503,Rainy
1504,Rainy
1505,Rainy
1506,Windy
1507,Windy
1508,Windy
1509,Sunny
1510,Sunny
1511,Sunny
1512,Sunny
1513,Sunny
1514,Sunny
1515,Windy
1516,Windy
1517,Sunny
1518,Sunny
1519,Sunny
1520,Sunny
1521,Sunny
1522,Sunny
1523,Sunny
1524,Rainy
1525,Rainy
1526,Rainy
1527,Rainy
1528,Rainy
1529,Rainy
1530,Rainy
1531,Sunny
1532,Sunny
1533,Windy
1534,Windy
1535,Windy
1536,Rainy
1537,Rainy
1538,Sunny
1539,Sunny
1540,Sunny
1541,Sunny
1542,Rainy
1543,Rainy
1544,Rainy
1545,Rainy
1546,Rainy
1547,Sunny
1548,Windy
1549,Sunny
1550,Windy
1551,Sunny
1552,Rainy
1553,Rainy
1554,Rainy
1555,Rainy
1556,Rainy
1557,Windy
1558,Windy
1559,Sunny
1560,Sunny
1561,Rainy
1562,Rainy
1563,Rainy
1564,Rainy
1565,Rainy
1566,Sunny
1567,Rainy
1568,Rainy
1569,Windy
1570,Rainy
1571,Rainy
1572,Sunny
1573,Sunny
1574,Sunny
1575,Sunny
1576,Sunny
1577,Windy
1578,Sunny
1579,Sunny
1580,Sunny
1581,Windy
1582,Windy
1583,Rainy
1584,Rainy
1585,Rainy
1586,Rainy
1587,Rainy
1588,Rainy
1589,Windy
1590,Windy
1591,Rainy
1592,Sunny
1593,Rainy
1594,Rainy
1595,Rainy
1596,Rainy
1597,Rainy
1598,Rainy
1599,Rainy
1600,Rainy
1601,Rainy
1602,Sunny
1603,Sunny
1604,Sunny
1605,Rainy
1606,Rainy
1607,Windy
1608,Sunny
1609,Rainy
1610,Rainy
1611,Rainy
1612,Rainy
1613,Rainy
1614,Windy
1615,Sunny
1616,Sunny
1617,Sunny
1618,Sunny
1619,Sunny
1620,Sunny
1621,Windy
1622,Windy
1623,Rainy
1624,Windy
1625,Windy
1626,Windy
1627,Windy
1628,Windy
1629,Windy
1630,Windy
1631,Sunny
1632,Sunny
1633,Rainy
1634,Windy
1635,Rainy
1636,Sunny
1637,Sunny
1638,Sunny
1639,Sunny
1640,Sunny
1641,Sunny
1642,Sunny
1643,Sunny
1644,Sunny
1645,Sunny
1646,Sunny
1647,Sunny
1648,Sunny
1649,Windy
1650,Windy
1651,Windy
1652,Sunny
1653,Sunny
1654,Rainy
1655,Rainy
1656,Rainy
1657,Rainy
1658,Rainy
1659,Rainy
1660,Sunny
1661,Sunny
1662,Windy
1663,Windy
1664,Windy
1665,Windy
1666,Windy
1667,Rainy
1668,Windy
1669,Windy
1670,Windy
1671,Rainy
1672,Rainy
1673,Sunny
1674,Rainy
1675,Windy
1676,Windy
1677,Windy
1678,Sunny
1679,Sunny
1680,Sunny
1681,Sunny
1682,Sunny
1683,Rainy
1684,Rainy
1685,Sunny
1686,Sunny
1687,Sunny
1688,Windy
1689,Windy
1690,Sunny
1691,Sunny
1692,Windy
1693,Sunny
1694,Sunny
1695,Sunny
1696,Sunny
1697,Sunny
1698,Sunny
1699,Sunny
1700,Sunny
1701,Sunny
1702,Sunny
1703,Sunny
1704,Sunny
1705,Sunny
1706,Sunny
1707,Windy
1708,Sunny
1709,Sunny
1710,Sunny
1711,Rainy
1712,Rainy
1713,Windy
1714,Windy
1715,Rainy
1716,Rainy
1717,Windy
1718,Rainy
1719,Rainy
1720,Windy
1721,Sunny
1722,Sunny
1723,Sunny
1724,Sunny
1725,Windy
1726,Sunny
1727,Rainy
1728,Rainy
1729,Windy
1730,Sunny
1731,Sunny
1732,Sunny
1733,Sunny
1734,Rainy
1735,Rainy
1736,Windy
1737,Windy
1738,Rainy
1739,Rainy
1740,Rainy
1741,Rainy
1742,Rainy
1743,Windy
1744,Windy
1745,Sunny
1746,Windy
1747,Rainy
1748,Windy
1749,Windy
1750,Windy
1751,Windy
1752,Windy
1753,Sunny
1754,Sunny
1755,Sunny
1756,Sunny
1757,Windy
1758,Windy
1759,Windy
1760,Sunny
1761,Rainy
1762,Rainy
1763,Windy
1764,Sunny
1765,Sunny
1766,Sunny
1767,Sunny
1768,Sunny
1769,Windy
1770,Windy
1771,Windy
1772,Windy
1773,Sunny
1774,Sunny
1775,Sunny
1776,Windy
1777,Sunny
1778,Sunny
1779,Sunny
1780,Sunny
1781,Sunny
1782,Windy
1783,Rainy
1784,Sunny
1785,Rainy
1786,Rainy
1787,Rainy
1788,Windy
1789,Windy
1790,Windy
1791,Windy
1792,Windy
1793,Windy
1794,Windy
1795,Rainy
1796,Windy
1797,Windy
1798,Sunny
1799,Sunny
1800,Sunny
1801,Sunny
1802,Sunny
1803,Sunny
1804,Sunny
1805,Sunny
1806,Rainy
1807,Rainy
1808,Windy
1809,Windy
1810,Sunny
1811,Windy
1812,Windy
1813,Rainy
1814,Sunny
1815,Sunny
1816,Sunny
1817,Windy
1818,Windy
1819,Sunny
1820,Windy
1821,Windy
1822,Sunny
1823,Sunny
1824,Rainy
1825,Sunny
1826,Windy
1827,Windy
1828,Rainy
1829,Rainy
1830,Sunny
1831,Windy
1832,Windy
1833,Windy
1834,Rainy
1835,Sunny
1836,Windy
1837,Rainy
1838,Rainy
1839,Rainy
1840,Rainy
1841,Sunny
1842,Sunny
1843,Windy
1844,Windy
1845,Windy
1846,Rainy
1847,Sunny
1848,Sunny
1849,Sunny
1850,Sunny
1851,Sunny
1852,Sunny
1853,Sunny
1854,Sunny
1855,Rainy
1856,Windy
1857,Sunny
1858,Rainy
1859,Rainy
1860,Sunny
1861,Windy
1862,Rainy
1863,Rainy
1864,Rainy
1865,Windy
1866,Windy
1867,Windy
1868,Windy
1869,Windy
1870,Windy
1871,Windy
1872,Sunny
1873,Windy
1874,Windy
1875,Sunny
1876,Sunny
1877,Sunny
1878,Sunny
1879,Sunny
1880,Sunny
1881,Sunny
1882,Sunny
1883,Sunny
1884,Windy
1885,Sunny
1886,Sunny
1887,Sunny
1888,Windy
1889,Windy
1890,Sunny
1891,Sunny
1892,Sunny
1893,Sunny
1894,Rainy
1895,Rainy
1896,Rainy
1897,Rainy
1898,Rainy
1899,Rainy
1900,Windy
1901,Windy
1902,Windy
1903,Sunny
1904,Windy
1905,Windy
1906,Windy
1907,Sunny
1908,Sunny
1909,Sunny
1910,Sunny
1911,Sunny
1912,Sunny
1913,Sunny
1914,Sunny
1915,Sunny
1916,Sunny
1917,Sunny
1918,Sunny
1919,Sunny
1920,Sunny
1921,Sunny
1922,Rainy
1923,Rainy
1924,Rainy
1925,Rainy
1926,Rainy
1927,Rainy
1928,Windy
1929,Sunny
1930,Sunny
1931,Rainy
1932,Windy
1933,Sunny
1934,Sunny
1935,Sunny
1936,Sunny
1937,Windy
1938,Rainy
1939,Rainy
1940,Sunny
1941,Sunny
1942,Sunny
1943,Rainy
1944,Windy
1945,Rainy
1946,Rainy
1947,Rainy
1948,Sunny
1949,Sunny
1950,Windy
1951,Rainy
1952,Rainy
1953,Windy
1954,Sunny
1955,Sunny
1956,Sunny
1957,Sunny
1958,Sunny
1959,Sunny
1960,Sunny
1961,Rainy
1962,Rainy
1963,Rainy
1964,Rainy
1965,Rainy
1966,Windy
1967,Windy
1968,Windy
1969,Rainy
1970,Rainy
1971,Rainy
1972,Rainy
1973,Sunny
1974,Rainy
1975,Rainy
1976,Windy
1977,Windy
1978,Sunny
1979,Windy
1980,Windy
1981,Windy
1982,Windy
1983,Windy
1984,Sunny
1985,Rainy
1986,Rainy
1987,Windy
1988,Windy
1989,Windy
1990,Windy
1991,Rainy
1992,Rainy
1993,Rainy
1994,Rainy
1995,Windy
1996,Sunny
1997,Sunny
1998,Sunny
1999,Sunny
2000,Sunny
2001,Sunny
2002,Sunny
2003,Sunny
2004,Sunny
2005,Sunny
2006,Sunny
2007,Windy
2008,Rainy
2009,Sunny
2010,Sunny
2011,Sunny
2012,Sunny
2013,Windy
2014,Rainy
2015,Windy
2016,Sunny
2017,Sunny
2018,Sunny
2019,Sunny
2020,Sunny
2021,Rainy
2022,Rainy
2023,Windy
2024,Windy
2025,Sunny
2026,Rainy
2027,Sunny
2028,Sunny
2029,Windy
2030,Sunny
2031,Sunny
2032,Sunny
2033,Sunny
2034,Sunny
2035,Windy
2036,Rainy
2037,Rainy
2038,Windy
2039,Windy
2040,Windy
2041,Sunny
2042,Sunny
2043,Windy
2044,Windy
2045,Sunny
2046,Rainy
2047,Rainy
2048,Rainy
2049,Sunny
2050,Sunny
2051,Windy
2052,Windy
2053,Rainy
2054,Sunny
2055,Sunny
2056,Windy
2057,Windy
2058,Windy
2059,Sunny
2060,Sunny
2061,Windy
2062,Sunny
2063,Rainy
2064,Rainy
2065,Rainy
2066,Rainy
2067,Rainy
2068,Rainy
2069,Rainy
2070,Rainy
2071,Sunny
2072,Sunny
2073,Rainy
2074,Sunny
2075,Sunny
2076,Sunny
2077,Sunny
2078,Sunny
2079,Sunny
2080,Sunny
2081,Windy
2082,Sunny
2083,Sunny
2084,Sunny
2085,Sunny
2086,Sunny
2087,Rainy
2088,Rainy
2089,Windy
2090,Sunny
2091,Sunny
2092,Rainy
2093,Sunny
2094,Sunny
2095,Sunny
2096,Sunny
2097,Rainy
2098,Rainy
2099,Windy
2100,Windy
2101,Rainy
2102,Rainy
2103,Rainy
2104,Rainy
2105,Rainy
2106,Windy
2107,Rainy
2108,Windy
2109,Sunny
2110,Sunny
2111,Rainy
2112,Rainy
2113,Windy
2114,Windy
2115,Windy
2116,Windy
2117,Sunny
2118,Sunny
2119,Sunny
2120,Sunny
2121,Sunny
2122,Sunny
2123,Sunny
2124,Sunny
2125,Sunny
2126,Sunny
2127,Windy
2128,Windy
2129,Rainy
2130,Windy
2131,Rainy
2132,Sunny
2133,Sunny
2134,Sunny
2135,Sunny
2136,Sunny
2137,Sunny
2138,Rainy
2139,Rainy
2140,Rainy
2141,Rainy
2142,Rainy
2143,Rainy
2144,Sunny
2145,Sunny
2146,Sunny
2147,Rainy
2148,Windy
2149,Rainy
2150,Windy
2151,Windy
2152,Windy
2153,Sunny
2154,Sunny
2155,Sunny
2156,Sunny
2157,Sunny
2158,Sunny
2159,Rainy
2160,Rainy
2161,Sunny
2162,Sunny
2163,Sunny
2164,Sunny
2165,Sunny
2166,Windy
2167,Rainy
2168,Rainy
2169,Rainy
2170,Rainy
2171,Sunny
2172,Windy
2173,Sunny
2174,Sunny
2175,Windy
2176,Windy
2177,Rainy
2178,Rainy
2179,Windy
2180,Sunny
2181,Sunny
2182,Sunny
2183,Sunny
2184,Sunny
2185,Rainy
2186,Rainy
2187,Sunny
2188,Sunny
2189,Rainy
2190,Rainy
2191,Sunny
2192,Rainy
2193,Rainy
2194,Sunny
2195,Sunny
2196,Sunny
2197,Rainy
2198,Rainy
2199,Windy
2200,Rainy
2201,Rainy
2202,Windy
2203,Windy
2204,Windy
2205,Rainy
2206,Rainy
2207,Rainy
2208,Sunny
2209,Sunny
2210,Sunny
2211,Sunny
2212,Sunny
2213,Sunny
2214,Rainy
2215,Windy
2216,Windy
2217,Windy
2218,Sunny
2219,Sunny
2220,Rainy
2221,Rainy
2222,Rainy
2223,Rainy
2224,Rainy
2225,Rainy
2226,Rainy
2227,Rainy
2228,Rainy
2229,Rainy
2230,Rainy
2231,Rainy
2232,Rainy
2233,Rainy
2234,Rainy
2235,Rainy
2236,Rainy
2237,Rainy
2238,Rainy
2239,Rainy
2240,Rainy
2241,Sunny
2242,Windy
2243,Rainy
2244,Rainy
2245,Rainy
2246,Rainy
2247,Rainy
2248,Rainy
2249,Rainy
2250,Rainy
2251,Rainy
2252,Rainy
2253,Rainy
2254,Rainy
2255,Rainy
2256,Rainy
2257,Rainy
2258,Rainy
2259,Rainy
2260,Rainy
2261,Rainy
2262,Sunny
2263,Sunny
2264,Sunny
2265,Rainy
2266,Rainy
2267,Rainy
2268,Windy
2269,Rainy
2270,Sunny
2271,Sunny
2272,Sunny
2273,Windy
2274,Windy
2275,Windy
2276,Rainy
2277,Sunny
2278,Sunny
2279,Sunny
2280,Sunny
2281,Sunny
2282,Sunny
2283,Sunny
2284,Rainy
2285,Rainy
2286,Rainy
2287,Rainy
2288,Rainy
2289,Rainy
2290,Windy
2291,Sunny
2292,Windy
2293,Windy
2294,Sunny
2295,Sunny
2296,Sunny
2297,Sunny
2298,Rainy
2299,Windy
2300,Windy
2301,Windy
2302,Sunny
2303,Sunny
2304,Sunny
2305,Rainy
2306,Windy
2307,Windy
2308,Rainy
2309,Rainy
2310,Rainy
2311,Rainy
2312,Sunny
2313,Sunny
2314,Sunny
2315,Rainy
2316,Rainy
2317,Sunny
2318,Sunny
2319,Sunny
2320,Sunny
2321,Rainy
2322,Windy
2323,Windy
2324,Sunny
2325,Sunny
2326,Windy
2327,Sunny
2328,Sunny
2329,Rainy
2330,Sunny
2331,Sunny
2332,Sunny
2333,Sunny
2334,Sunny
2335,Sunny
2336,Sunny
2337,Sunny
2338,Sunny
2339,Sunny
2340,Rainy
2341,Rainy
2342,Rainy
2343,Rainy
2344,Rainy
2345,Rainy
2346,Rainy
2347,Sunny
2348,Sunny
2349,Windy
2350,Windy
2351,Windy
2352,Windy
2353,Windy
2354,Windy
2355,Windy
2356,Windy
2357,Sunny
2358,Sunny
2359,Sunny
2360,Rainy
2361,Rainy
2362,Windy
2363,Sunny
2364,Sunny
2365,Sunny
2366,Windy
2367,Windy
2368,Windy
2369,Windy
2370,Sunny
2371,Windy
2372,Windy
2373,Windy
2374,Windy
2375,Sunny
2376,Sunny
2377,Sunny
2378,Sunny
2379,Sunny
2380,Sunny
2381,Sunny
2382,Rainy
2383,Rainy
2384,Windy
2385,Rainy
2386,Rainy
2387,Rainy
2388,Sunny
2389,Sunny
2390,Sunny
2391,Sunny
2392,Sunny
2393,Windy
2394,Windy
2395,Sunny
2396,Sunny
2397,Sunny
2398,Sunny
2399,Sunny
2400,Rainy
2401,Rainy
2402,Windy
2403,Sunny
2404,Sunny
2405,Sunny
2406,Sunny
2407,Sunny
2408,Sunny
2409,Sunny
2410,Sunny
2411,Sunny
2412,Sunny
2413,Sunny
2414,Sunny
2415,Sunny
2416,Sunny
2417,Sunny
2418,Sunny
2419,Sunny
2420,Windy
2421,Sunny
2422,Sunny
2423,Sunny
2424,Sunny
2425,Sunny
2426,Sunny
2427,Sunny
2428,Sunny
2429,Sunny
2430,Rainy
2431,Sunny
2432,Sunny
2433,Sunny
2434,Sunny
2435,Sunny
2436,Rainy
2437,Rainy
2438,Rainy
2439,Rainy
2440,Windy
2441,Windy
2442,Windy
2443,Windy
2444,Windy
2445,Windy
2446,Sunny
2447,Rainy
2448,Rainy
2449,Rainy
2450,Rainy
2451,Windy
2452,Rainy
2453,Rainy
2454,Windy
2455,Windy
2456,Sunny
2457,Sunny
2458,Windy
2459,Windy
2460,Rainy
2461,Windy
2462,Windy
2463,Rainy
2464,Rainy
2465,Rainy
2466,Windy
2467,Windy
2468,Rainy
2469,Windy
2470,Windy
2471,Rainy
2472,Rainy
2473,Rainy
2474,Windy
2475,Sunny
2476,Sunny
2477,Sunny
2478,Sunny
2479,Sunny
2480,Sunny
2481,Sunny
2482,Sunny
2483,Sunny
2484,Sunny
2485,Rainy
2486,Rainy
2487,Rainy
2488,Sunny
2489,Windy
2490,Sunny
2491,Sunny
2492,Windy
2493,Sunny
2494,Windy
2495,Rainy
2496,Sunny
2497,Sunny
2498,Windy
2499,Windy
2500,Sunny
2501,Rainy
2502,Windy
2503,Sunny
2504,Sunny
2505,Sunny
2506,Sunny
2507,Sunny
2508,Sunny
2509,Sunny
2510,Windy
2511,Windy
2512,Windy
2513,Windy
2514,Rainy
2515,Rainy
2516,Sunny
2517,Sunny
2518,Sunny
2519,Rainy
2520,Windy
2521,Sunny
2522,Sunny
2523,Sunny
2524,Sunny
2525,Sunny
2526,Sunny
2527,Sunny
2528,Sunny
2529,Sunny
2530,Sunny
2531,Rainy
2532,Rainy
2533,Rainy
2534,Rainy
2535,Rainy
2536,Rainy
2537,Windy
2538,Windy
2539,Windy
2540,Sunny
2541,Sunny
2542,Sunny
2543,Windy
2544,Windy
2545,Windy
2546,Rainy
2547,Rainy
2548,Windy
2549,Windy
2550,Sunny
2551,Sunny
2552,Windy
2553,Windy
2554,Sunny
2555,Sunny
2556,Sunny
2557,Windy
2558,Windy
2559,Windy
2560,Windy
2561,Sunny
2562,Sunny
2563,Sunny
2564,Rainy
2565,Rainy
2566,Rainy
2567,Rainy
2568,Rainy
2569,Windy
2570,Windy
2571,Sunny
2572,Rainy
2573,Sunny
2574,Sunny
2575,Sunny
2576,Sunny
2577,Sunny
2578,Rainy
2579,Rainy
2580,Rainy
2581,Sunny
2582,Sunny
2583,Rainy
2584,Windy
2585,Windy
2586,Rainy
2587,Rainy
2588,Rainy
2589,Rainy
2590,Windy
2591,Windy
2592,Sunny
2593,Sunny
2594,Sunny
2595,Sunny
2596,Sunny
2597,Windy
2598,Windy
2599,Windy
2600,Sunny
2601,Sunny
2602,Sunny
2603,Windy
2604,Windy
2605,Windy
2606,Windy
2607,Windy
2608,Sunny
2609,Sunny
2610,Sunny
2611,Rainy
2612,Windy
2613,Rainy
2614,Windy
2615,Windy
2616,Windy
2617,Windy
2618,Sunny
2619,Sunny
2620,Sunny
2621,Windy
2622,Rainy
2623,Rainy
2624,Rainy
2625,Rainy
2626,Rainy
2627,Rainy
2628,Sunny
2629,Windy
2630,Rainy
2631,Rainy
2632,Sunny
2633,Sunny
2634,Sunny
2635,Sunny
2636,Rainy
2637,Sunny
2638,Rainy
2639,Rainy
2640,Rainy
2641,Rainy
2642,Rainy
2643,Rainy
2644,Windy
2645,Windy
2646,Sunny
2647,Sunny
2648,Sunny
2649,Rainy
2650,Rainy
2651,Rainy
2652,Rainy
2653,Rainy
2654,Rainy
2655,Rainy
2656,Rainy
2657,Windy
2658,Windy
2659,Windy
2660,Sunny
2661,Rainy
2662,Windy
2663,Windy
2664,Sunny
2665,Rainy
2666,Windy
2667,Windy
2668,Windy
2669,Windy
2670,Windy
2671,Sunny
2672,Sunny
2673,Rainy
2674,Windy
2675,Windy
2676,Sunny
2677,Rainy
2678,Rainy
2679,Sunny
2680,Sunny
2681,Rainy
2682,Windy
2683,Windy
2684,Windy
2685,Sunny
2686,Sunny
2687,Windy
2688,Sunny
2689,Sunny
2690,Rainy
2691,Rainy
2692,Rainy
2693,Windy
2694,Sunny
2695,Sunny
2696,Sunny
2697,Sunny
2698,Sunny
2699,Sunny
2700,Sunny
2701,Sunny
2702,Sunny
2703,Sunny
2704,Rainy
2705,Rainy
2706,Rainy
2707,Rainy
2708,Sunny
2709,Sunny
2710,Sunny
2711,Sunny
2712,Sunny
2713,Windy
2714,Rainy
2715,Rainy
2716,Sunny
2717,Rainy
2718,Rainy
2719,Rainy
2720,Rainy
2721,Windy
2722,Windy
2723,Windy
2724,Windy
2725,Windy
2726,Rainy
2727,Rainy
2728,Windy
2729,Rainy
2730,Sunny
2731,Sunny
2732,Sunny
2733,Sunny
2734,Rainy
2735,Rainy
2736,Rainy
2737,Rainy
2738,Rainy
2739,Rainy
2740,Rainy
2741,Rainy
2742,Rainy
2743,Rainy
2744,Rainy
2745,Windy
2746,Windy
2747,Rainy
2748,Windy
2749,Windy
2750,Windy
2751,Windy
2752,Windy
2753,Windy
2754,Rainy
2755,Sunny
2756,Windy
2757,Windy
2758,Sunny
2759,Rainy
2760,Windy
2761,Windy
2762,Windy
2763,Windy
2764,Windy
2765,Windy
2766,Rainy
2767,Windy
2768,Windy
2769,Rainy
2770,Sunny
2771,Sunny
2772,Rainy
2773,Rainy
2774,Sunny
2775,Sunny
2776,Sunny
2777,Sunny
2778,Rainy
2779,Rainy
2780,Rainy
2781,Rainy
2782,Sunny
2783,Sunny
2784,Sunny
2785,Sunny
2786,Rainy
2787,Windy
2788,Sunny
2789,Sunny
2790,Sunny
2791,Sunny
2792,Sunny
2793,Rainy
2794,Rainy
2795,Rainy
2796,Rainy
2797,Rainy
2798,Rainy
2799,Rainy
2800,Sunny
2801,Sunny
2802,Sunny
2803,Sunny
2804,Sunny
2805,Sunny
2806,Sunny
2807,Rainy
2808,Windy
2809,Windy
2810,Rainy
2811,Rainy
2812,Rainy
2813,Rainy
2814,Rainy
2815,Rainy
2816,Windy
2817,Windy
2818,Rainy
2819,Rainy
2820,Rainy
2821,Rainy
2822,Windy
2823,Windy
2824,Windy
2825,Rainy
2826,Rainy
2827,Rainy
2828,Windy
2829,Rainy
2830,Rainy
2831,Windy
2832,Windy
2833,Sunny
2834,Sunny
2835,Sunny
2836,Sunny
2837,Rainy
2838,Rainy
2839,Rainy
2840,Sunny
2841,Sunny
2842,Sunny
2843,Windy
2844,Rainy
2845,Rainy
2846,Rainy
2847,Rainy
2848,Rainy
2849,Rainy
2850,Windy
2851,Windy
2852,Windy
2853,Sunny
2854,Sunny
2855,Sunny
2856,Sunny
2857,Sunny
2858,Windy
2859,Windy
2860,Sunny
2861,Sunny
2862,Sunny
2863,Sunny
2864,Sunny
2865,Sunny
2866,Sunny
2867,Sunny
2868,Sunny
2869,Windy
2870,Windy
2871,Sunny
2872,Rainy
2873,Windy
2874,Rainy
2875,Windy
2876,Windy
2877,Windy
2878,Windy
2879,Rainy
2880,Rainy
2881,Rainy
2882,Rainy
2883,Rainy
2884,Rainy
2885,Sunny
2886,Rainy
2887,Rainy
2888,Sunny
2889,Sunny
2890,Rainy
2891,Sunny
2892,Windy
2893,Windy
2894,Sunny
2895,Sunny
2896,Rainy
2897,Sunny
2898,Sunny
2899,Windy
2900,Windy
2901,Rainy
2902,Windy
2903,Windy
2904,Rainy
2905,Windy
2906,Windy
2907,Sunny
2908,Rainy
2909,Windy
2910,Rainy
2911,Rainy
2912,Windy
2913,Rainy
2914,Rainy
2915,Rainy
2916,Rainy
2917,Sunny
2918,Windy
2919,Windy
2920,Windy
2921,Windy
2922,Windy
2923,Windy
2924,Windy
2925,Windy
2926,Windy
2927,Rainy
2928,Rainy
2929,Rainy
2930,Windy
2931,Rainy
2932,Windy
2933,Windy
2934,Windy
2935,Sunny
2936,Windy
2937,Sunny
2938,Rainy
2939,Sunny
2940,Windy
2941,Windy
2942,Rainy
2943,Rainy
2944,Rainy
2945,Rainy
2946,Rainy
2947,Rainy
2948,Sunny
2949,Rainy
2950,Sunny
2951,Sunny
2952,Sunny
2953,Windy
2954,Sunny
2955,Windy
2956,Sunny
2957,Sunny
2958,Sunny
2959,Sunny
2960,Sunny
2961,Sunny
2962,Sunny
2963,Rainy
2964,Sunny
2965,Windy
2966,Windy
2967,Rainy
2968,Sunny
2969,Sunny
2970,Sunny
2971,Windy
2972,Rainy
2973,Rainy
2974,Rainy
2975,Sunny
2976,Sunny
2977,Rainy
2978,Rainy
2979,Sunny
2980,Sunny
2981,Windy
2982,Windy
2983,Sunny
2984,Sunny
2985,Windy
2986,Windy
2987,Windy
2988,Windy
2989,Windy
2990,Windy
2991,Windy
2992,Windy
2993,Windy
2994,Sunny
2995,Windy
2996,Rainy
2997,Rainy
2998,Rainy
2999,Rainy
3000,Rainy
3001,Rainy
3002,Sunny
3003,Sunny
3004,Sunny
3005,Sunny
3006,Sunny
3007,Rainy
3008,Rainy
3009,Rainy
3010,Sunny
3011,Sunny
3012,Sunny
3013,Sunny
3014,Rainy
3015,Rainy
3016,Sunny
3017,Sunny
3018,Sunny
3019,Sunny
3020,Sunny
3021,Sunny
3022,Windy
3023,Windy
3024,Rainy
3025,Rainy
3026,Rainy
3027,Rainy
3028,Rainy
3029,Windy
3030,Sunny
3031,Rainy
3032,Rainy
3033,Rainy
3034,Rainy
3035,Rainy
3036,Rainy
3037,Windy
3038,Windy
3039,Windy
3040,Windy
3041,Windy
3042,Sunny
3043,Sunny
3044,Sunny
3045,Sunny
3046,Sunny
3047,Sunny
3048,Sunny
3049,Rainy
3050,Rainy
3051,Rainy
3052,Rainy
3053,Windy
3054,Windy
3055,Windy
3056,Windy
3057,Rainy
3058,Rainy
3059,Rainy
3060,Rainy
3061,Rainy
3062,Rainy
3063,Rainy
3064,Rainy
3065,Windy
3066,Sunny
3067,Sunny
3068,Sunny
3069,Sunny
3070,Windy
3071,Sunny
3072,Sunny
3073,Rainy
3074,Windy
3075,Windy
3076,Windy
3077,Rainy
3078,Rainy
3079,Sunny
3080,Sunny
3081,Sunny
3082,Windy
3083,Sunny
3084,Sunny
3085,Windy
3086,Rainy
3087,Windy
3088,Sunny
3089,Sunny
3090,Rainy
3091,Rainy
3092,Sunny
3093,Windy
3094,Rainy
3095,Rainy
3096,Rainy
3097,Sunny
3098,Sunny
3099,Windy
3100,Sunny
3101,Rainy
3102,Rainy
3103,Sunny
3104,Windy
3105,Windy
3106,Windy
3107,Windy
3108,Windy
3109,Windy
3110,Windy
3111,Rainy
3112,Windy
3113,Sunny
3114,Sunny
3115,Sunny
3116,Sunny
3117,Sunny
3118,Sunny
3119,Rainy
3120,Sunny
3121,Windy
3122,Sunny
3123,Sunny
3124,Sunny
3125,Sunny
3126,Sunny
3127,Sunny
3128,Sunny
3129,Sunny
3130,Sunny
3131,Sunny
3132,Sunny
3133,Sunny
3134,Sunny
3135,Sunny
3136,Sunny
3137,Windy
3138,Windy
3139,Windy
3140,Sunny
3141,Windy
3142,Rainy
3143,Rainy
3144,Windy
3145,Windy
3146,Windy
3147,Windy
3148,Sunny
3149,Sunny
3150,Windy
3151,Windy
3152,Rainy
3153,Rainy
3154,Windy
3155,Windy
3156,Windy
3157,Sunny
3158,Sunny
3159,Sunny
3160,Rainy
3161,Windy
3162,Sunny
3163,Windy
3164,Rainy
3165,Rainy
3166,Rainy
3167,Rainy
3168,Rainy
3169,Rainy
3170,Sunny
3171,Windy
3172,Windy
3173,Windy
3174,Rainy
3175,Windy
3176,Windy
3177,Windy
3178,Rainy
3179,Windy
3180,Windy
3181,Rainy
3182,Rainy
3183,Rainy
3184,Rainy
3185,Rainy
3186,Rainy
3187,Rainy
3188,Rainy
3189,Sunny
3190,Sunny
3191,Sunny
3192,Sunny
3193,Windy
3194,Sunny
3195,Sunny
3196,Sunny
3197,Sunny
3198,Sunny
3199,Sunny
3200,Windy
3201,Rainy
3202,Rainy
3203,Windy
3204,Windy
3205,Windy
3206,Windy
3207,Sunny
3208,Rainy
3209,Rainy
3210,Sunny
3211,Sunny
3212,Sunny
3213,Sunny
3214,Sunny
3215,Rainy
3216,Rainy
3217,Sunny
3218,Sunny
3219,Sunny
3220,Sunny
3221,Sunny
3222,Sunny
3223,Sunny
3224,Sunny
3225,Rainy
3226,Rainy
3227,Rainy
3228,Rainy
3229,Windy
3230,Rainy
3231,Rainy
3232,Rainy
3233,Rainy
3234,Rainy
3235,Rainy
3236,Rainy
3237,Sunny
3238,Sunny
3239,Windy
3240,Windy
3241,Sunny
3242,Windy
3243,Windy
3244,Windy
3245,Sunny
3246,Windy
3247,Rainy
3248,Windy
3249,Sunny
3250,Sunny
3251,Sunny
3252,Rainy
3253,Windy
3254,Rainy
3255,Rainy
3256,Rainy
3257,Rainy
3258,Rainy
3259,Windy
3260,Sunny
3261,Sunny
3262,Rainy
3263,Rainy
3264,Rainy
3265,Windy
3266,Rainy
3267,Windy
3268,Windy
3269,Rainy
3270,Windy
3271,Rainy
3272,Rainy
3273,Rainy
3274,Rainy
3275,Rainy
3276,Windy
3277,Sunny
3278,Sunny
3279,Sunny
3280,Sunny
3281,Sunny
3282,Sunny
3283,Rainy
3284,Rainy
3285,Windy
3286,Windy
3287,Windy
3288,Windy
3289,Rainy
3290,Rainy
3291,Sunny
3292,Sunny
3293,Windy
3294,Windy
3295,Rainy
3296,Rainy
3297,Sunny
3298,Sunny
3299,Sunny
3300,Sunny
3301,Windy
3302,Windy
3303,Windy
3304,Windy
3305,Sunny
3306,Windy
3307,Windy
3308,Windy
3309,Sunny
3310,Rainy
3311,Rainy
3312,Rainy
3313,Rainy
3314,Rainy
3315,Rainy
3316,Rainy
3317,Windy
3318,Windy
3319,Sunny
3320,Sunny
3321,Rainy
3322,Rainy
3323,Rainy
3324,Rainy
3325,Rainy
3326,Sunny
3327,Sunny
3328,Sunny
3329,Sunny
3330,Sunny
3331,Sunny
3332,Sunny
3333,Rainy
3334,Rainy
3335,Windy
3336,Sunny
3337,Sunny
3338,Sunny
3339,Sunny
3340,Sunny
3341,Sunny
3342,Sunny
3343,Sunny
3344,Rainy
3345,Rainy
3346,Rainy
3347,Windy
3348,Sunny
3349,Sunny
3350,Windy
3351,Rainy
3352,Rainy
3353,Sunny
3354,Sunny
3355,Sunny
3356,Windy
3357,Rainy
3358,Rainy
3359,Rainy
3360,Windy
3361,Windy
3362,Sunny
3363,Sunny
3364,Sunny
3365,Sunny
3366,Sunny
3367,Sunny
3368,Windy
3369,Windy
3370,Windy
3371,Windy
3372,Rainy
3373,Windy
3374,Sunny
3375,Sunny
3376,Sunny
3377,Sunny
3378,Sunny
3379,Sunny
3380,Sunny
3381,Sunny
3382,Sunny
3383,Sunny
3384,Sunny
3385,Sunny
3386,Sunny
3387,Sunny
3388,Sunny
3389,Sunny
3390,Rainy
3391,Rainy
3392,Windy
3393,Windy
3394,Windy
3395,Windy
3396,Windy
3397,Windy
3398,Windy
3399,Windy
3400,Windy
3401,Sunny
3402,Sunny
3403,Sunny
3404,Sunny
3405,Sunny
3406,Windy
3407,Windy
3408,Windy
3409,Sunny
3410,Windy
3411,Rainy
3412,Windy
3413,Windy
3414,Windy
3415,Windy
3416,Sunny
3417,Sunny
3418,Sunny
3419,Sunny
3420,Windy
3421,Windy
3422,Windy
3423,Windy
3424,Windy
3425,Windy
3426,Windy
3427,Rainy
3428,Rainy
3429,Windy
3430,Windy
3431,Sunny
3432,Sunny
3433,Windy
3434,Sunny
3435,Sunny
3436,Sunny
3437,Sunny
3438,Sunny
3439,Windy
3440,Windy
3441,Rainy
3442,Rainy
3443,Rainy
3444,Sunny
3445,Sunny
3446,Sunny
3447,Windy
3448,Sunny
3449,Sunny
3450,Rainy
3451,Rainy
3452,Windy
3453,Windy
3454,Rainy
3455,Rainy
3456,Rainy
3457,Rainy
3458,Windy
3459,Sunny
3460,Sunny
3461,Sunny
3462,Sunny
3463,Sunny
3464,Sunny
3465,Rainy
3466,Sunny
3467,Sunny
3468,Windy
3469,Windy
3470,Windy
3471,Windy
3472,Windy
3473,Windy
3474,Sunny
3475,Sunny
3476,Rainy
3477,Rainy
3478,Rainy
3479,Sunny
3480,Sunny
3481,Sunny
3482,Sunny
3483,Rainy
3484,Rainy
3485,Windy
3486,Windy
3487,Windy
3488,Sunny
3489,Sunny
3490,Rainy
3491,Rainy
3492,Sunny
3493,Sunny
3494,Sunny
3495,Sunny
3496,Rainy
3497,Sunny
3498,Windy
3499,Windy
3500,Windy
3501,Windy
3502,Rainy
3503,Rainy
3504,Rainy
3505,Rainy
3506,Rainy
3507,Rainy
3508,Rainy
3509,Windy
3510,Windy
3511,Rainy
3512,Rainy
3513,Rainy
3514,Rainy
3515,Windy
3516,Windy
3517,Windy
3518,Sunny
3519,Sunny
3520,Sunny
3521,Sunny
3522,Sunny
3523,Sunny
3524,Sunny
3525,Sunny
3526,Sunny
3527,Windy
3528,Windy
3529,Windy
3530,Windy
3531,Windy
3532,Sunny
3533,Sunny
3534,Sunny
3535,Sunny
3536,Rainy
3537,Rainy
3538,Windy
3539,Windy
3540,Windy
3541,Rainy
3542,Sunny
3543,Sunny
3544,Sunny
3545,Rainy
3546,Rainy
3547,Rainy
3548,Rainy
3549,Windy
3550,Sunny
3551,Sunny
3552,Sunny
3553,Sunny
3554,Windy
3555,Windy
3556,Windy
3557,Sunny
3558,Rainy
3559,Rainy
3560,Rainy
3561,Sunny
3562,Rainy
3563,Rainy
3564,Windy
3565,Windy
3566,Sunny
3567,Windy
3568,Windy
3569,Windy
3570,Windy
3571,Windy
3572,Rainy
3573,Windy
3574,Windy
3575,Windy
3576,Rainy
3577,Rainy
3578,Rainy
3579,Windy
3580,Windy
3581,Windy
3582,Sunny
3583,Windy
3584,Windy
3585,Windy
3586,Rainy
3587,Sunny
3588,Rainy
3589,Rainy
3590,Sunny
3591,Windy
3592,Windy
3593,Windy
3594,Windy
3595,Sunny
3596,Rainy
3597,Rainy
3598,Windy
3599,Rainy
3600,Windy
3601,Rainy
3602,Rainy
3603,Rainy
3604,Rainy
3605,Rainy
3606,Rainy
3607,Windy
3608,Rainy
3609,Windy
3610,Rainy
3611,Rainy
3612,Windy
3613,Windy
3614,Windy
3615,Windy
3616,Windy
3617,Sunny
3618,Sunny
3619,Sunny
3620,Rainy
3621,Windy
3622,Windy
3623,Rainy
3624,Windy
3625,Windy
3626,Windy
3627,Windy
3628,Sunny
3629,Sunny
3630,Rainy
3631,Rainy
3632,Rainy
3633,Rainy
3634,Windy
3635,Sunny
3636,Sunny
3637,Rainy
3638,Rainy
3639,Windy
3640,Windy
3641,Rainy
3642,Windy
3643,Rainy
3644,Windy
3645,Sunny
3646,Sunny
3647,Rainy
3648,Windy
3649,Windy
3650,Sunny
3651,Windy
3652,Windy
3653,Rainy
3654,Sunny
3655,Sunny
3656,Sunny
3657,Sunny
3658,Sunny
3659,Sunny
3660,Rainy
3661,Sunny
3662,Rainy
3663,Sunny
3664,Rainy
3665,Rainy
3666,Windy
3667,Windy
3668,Sunny
3669,Rainy
3670,Sunny
3671,Sunny
3672,Sunny
3673,Sunny
3674,Sunny
3675,Sunny
3676,Sunny
3677,Sunny
3678,Sunny
3679,Sunny
3680,Sunny
3681,Sunny
3682,Sunny
3683,Sunny
3684,Rainy
3685,Rainy
3686,Rainy
3687,Rainy
3688,Rainy
3689,Sunny
3690,Sunny
3691,Sunny
3692,Sunny
3693,Sunny
3694,Sunny
3695,Rainy
3696,Rainy
3697,Rainy
3698,Rainy
3699,Rainy
3700,Rainy
3701,Rainy
3702,Rainy
3703,Rainy
3704,Rainy
3705,Rainy
3706,Rainy
3707,Rainy
3708,Rainy
3709,Windy
3710,Windy
3711,Rainy
3712,Windy
3713,Rainy
3714,Rainy
3715,Windy
3716,Windy
3717,Rainy
3718,Rainy
3719,Rainy
3720,Sunny
3721,Sunny
3722,Sunny
3723,Windy
3724,Rainy
3725,Rainy
3726,Rainy
3727,Rainy
3728,Sunny
3729,Rainy
3730,Rainy
3731,Windy
3732,Windy
3733,Windy
3734,Rainy
3735,Rainy
3736,Rainy
3737,Sunny
3738,Sunny
3739,Windy
3740,Windy
3741,Windy
3742,Windy
3743,Sunny
3744,Rainy
3745,Sunny
3746,Sunny
3747,Sunny
3748,Sunny
3749,Rainy
3750,Sunny
3751,Rainy
3752,Rainy
3753,Sunny
3754,Rainy
3755,Rainy
3756,Rainy
3757,Rainy
3758,Rainy
3759,Rainy
3760,Windy
3761,Sunny
3762,Sunny
3763,Sunny
3764,Sunny
3765,Sunny
3766,Sunny
3767,Sunny
3768,Sunny
3769,Sunny
3770,Sunny
3771,Sunny
3772,Sunny
3773,Rainy
3774,Rainy
3775,Windy
3776,Windy
3777,Rainy
3778,Rainy
3779,Windy
3780,Windy
3781,Windy
3782,Sunny
3783,Sunny
3784,Sunny
3785,Sunny
3786,Sunny
3787,Sunny
3788,Sunny
3789,Sunny
3790,Rainy
3791,Rainy
3792,Sunny
3793,Sunny
3794,Sunny
3795,Windy
3796,Sunny
3797,Rainy
3798,Rainy
3799,Sunny
3800,Sunny
3801,Sunny
3802,Sunny
3803,Sunny
3804,Sunny
3805,Sunny
3806,Windy
3807,Windy
3808,Sunny
3809,Windy
3810,Windy
3811,Windy
3812,Sunny
3813,Sunny
3814,Sunny
3815,Sunny
3816,Rainy
3817,Rainy
3818,Rainy
3819,Windy
3820,Rainy
3821,Sunny
3822,Windy
3823,Rainy
3824,Rainy
3825,Rainy
3826,Rainy
3827,Rainy
3828,Rainy
3829,Windy
3830,Windy
3831,Windy
3832,Windy
3833,Sunny
3834,Sunny
3835,Sunny
3836,Windy
3837,Windy
3838,Windy
3839,Sunny
3840,Sunny
3841,Sunny
3842,Sunny
3843,Sunny
3844,Sunny
3845,Sunny
3846,Sunny
3847,Sunny
3848,Sunny
3849,Rainy
3850,Rainy
3851,Windy
3852,Windy
3853,Sunny
3854,Windy
3855,Windy
3856,Windy
3857,Windy
3858,Sunny
3859,Sunny
3860,Sunny
3861,Rainy
3862,Sunny
3863,Sunny
3864,Sunny
3865,Sunny
3866,Windy
3867,Windy
3868,Windy
3869,Windy
3870,Windy
3871,Windy
3872,Sunny
3873,Sunny
3874,Sunny
3875,Windy
3876,Sunny
3877,Sunny
3878,Windy
3879,Windy
3880,Sunny
3881,Sunny
3882,Sunny
3883,Rainy
3884,Windy
3885,Windy
3886,Windy
3887,Windy
3888,Windy
3889,Windy
3890,Sunny
3891,Rainy
3892,Windy
3893,Sunny
3894,Sunny
3895,Sunny
3896,Sunny
3897,Sunny
3898,Windy
3899,Sunny
3900,Windy
3901,Sunny
3902,Sunny
3903,Sunny
3904,Sunny
3905,Sunny
3906,Sunny
3907,Sunny
3908,Sunny
3909,Sunny
3910,Windy
3911,Windy
3912,Windy
3913,Windy
3914,Windy
3915,Rainy
3916,Rainy
3917,Windy
3918,Windy
3919,Rainy
3920,Windy
3921,Windy
3922,Windy
3923,Windy
3924,Sunny
3925,Sunny
3926,Sunny
3927,Rainy
3928,Rainy
3929,Rainy
3930,Sunny
3931,Sunny
3932,Sunny
3933,Windy
3934,Windy
3935,Windy
3936,Sunny
3937,Sunny
3938,Sunny
3939,Sunny
3940,Sunny
3941,Sunny
3942,Sunny
3943,Sunny
3944,Sunny
3945,Rainy
3946,Rainy
3947,Rainy
3948,Windy
3949,Sunny
3950,Sunny
3951,Sunny
3952,Sunny
3953,Sunny
3954,Rainy
3955,Rainy
3956,Rainy
3957,Rainy
3958,Rainy
3959,Rainy
3960,Rainy
3961,Rainy
3962,Rainy
3963,Rainy
3964,Rainy
3965,Sunny
3966,Sunny
3967,Sunny
3968,Sunny
3969,Rainy
3970,Windy
3971,Windy
3972,Windy
3973,Windy
3974,Rainy
3975,Sunny
3976,Sunny
3977,Rainy
3978,Rainy
3979,Windy
3980,Rainy
3981,Rainy
3982,Windy
3983,Windy
3984,Sunny
3985,Sunny
3986,Sunny
3987,Sunny
3988,Sunny
3989,Sunny
3990,Sunny
3991,Sunny
3992,Windy
3993,Windy
3994,Windy
3995,Windy
3996,Windy
3997,Windy
3998,Sunny
3999,Sunny
4000,Rainy
4001,Rainy
4002,Rainy
4003,Rainy
4004,Rainy
4005,Rainy
4006,Windy
4007,Rainy
4008,Windy
4009,Sunny
4010,Sunny
4011,Sunny
4012,Sunny
4013,Sunny
4014,Sunny
4015,Rainy
4016,Windy
4017,Windy
4018,Sunny
4019,Rainy
4020,Windy
4021,Sunny
4022,Sunny
4023,Sunny
4024,Sunny
4025,Sunny
4026,Windy
4027,Windy
4028,Rainy
4029,Rainy
4030,Rainy
4031,Windy
4032,Sunny
4033,Sunny
4034,Sunny
4035,Sunny
4036,Sunny
4037,Sunny
4038,Sunny
4039,Sunny
4040,Sunny
4041,Sunny
4042,Sunny
4043,Windy
4044,Windy
4045,Windy
4046,Windy
4047,Sunny
4048,Rainy
4049,Rainy
4050,Windy
4051,Windy
4052,Windy
4053,Sunny
4054,Sunny
4055,Sunny
4056,Sunny
4057,Rainy
4058,Windy
4059,Rainy
4060,Windy
4061,Sunny
4062,Sunny
4063,Sunny
4064,Sunny
4065,Sunny
4066,Sunny
4067,Sunny
4068,Sunny
4069,Sunny
4070,Rainy
4071,Rainy
4072,Sunny
4073,Sunny
4074,Sunny
4075,Sunny
4076,Windy
4077,Windy
4078,Windy
4079,Windy
4080,Windy
4081,Windy
4082,Windy
4083,Rainy
4084,Rainy
4085,Rainy
4086,Windy
4087,Sunny
4088,Windy
4089,Rainy
4090,Rainy
4091,Rainy
4092,Rainy
4093,Windy
4094,Rainy
4095,Rainy
4096,Rainy
4097,Rainy
4098,Rainy
4099,Rainy
4100,Rainy
4101,Rainy
4102,Rainy
4103,Rainy
4104,Rainy
4105,Sunny
4106,Rainy
4107,Rainy
4108,Rainy
4109,Rainy
4110,Rainy
4111,Windy
4112,Windy
4113,Windy
4114,Windy
4115,Rainy
4116,Sunny
4117,Sunny
4118,Windy
4119,Windy
4120,Sunny
4121,Sunny
4122,Windy
4123,Sunny
4124,Sunny
4125,Sunny
4126,Sunny
4127,Sunny
4128,Sunny
4129,Windy
4130,Rainy
4131,Sunny
4132,Windy
4133,Rainy
4134,Rainy
4135,Windy
4136,Rainy
4137,Rainy
4138,Windy
4139,Sunny
4140,Windy
4141,Windy
4142,Windy
4143,Sunny
4144,Sunny
4145,Sunny
4146,Sunny
4147,Sunny
4148,Windy
4149,Sunny
4150,Sunny
4151,Sunny
4152,Windy
4153,Windy
4154,Windy
4155,Rainy
4156,Rainy
4157,Rainy
4158,Windy
4159,Rainy
4160,Rainy
4161,Sunny
4162,Sunny
4163,Sunny
4164,Windy
4165,Windy
4166,Rainy
4167,Windy
4168,Rainy
4169,Rainy
4170,Rainy
4171,Windy
4172,Rainy
4173,Rainy
4174,Rainy
4175,Rainy
4176,Rainy
4177,Rainy
4178,Rainy
4179,Sunny
4180,Sunny
4181,Sunny
4182,Sunny
4183,Rainy
4184,Rainy
4185,Rainy
4186,Rainy
4187,Rainy
4188,Rainy
4189,Sunny
4190,Windy
4191,Rainy
4192,Rainy
4193,Sunny
4194,Windy
4195,Windy
4196,Windy
4197,Sunny
4198,Sunny
4199,Rainy
4200,Rainy
4201,Rainy
4202,Rainy
4203,Rainy
4204,Windy
4205,Windy
4206,Rainy
4207,Windy
4208,Windy
4209,Sunny
4210,Sunny
4211,Sunny
4212,Sunny
4213,Sunny
4214,Sunny
4215,Sunny
4216,Sunny
4217,Sunny
4218,Sunny
4219,Sunny
4220,Sunny
4221,Sunny
4222,Sunny
4223,Rainy
4224,Rainy
4225,Sunny
4226,Sunny
4227,Sunny
4228,Sunny
4229,Sunny
4230,Sunny
4231,Sunny
4232,Sunny
4233,Sunny
4234,Sunny
4235,Sunny
4236,Sunny
4237,Windy
4238,Windy
4239,Rainy
4240,Rainy
4241,Rainy
4242,Sunny
4243,Rainy
4244,Rainy
4245,Windy
4246,Sunny
4247,Sunny
4248,Sunny
4249,Sunny
4250,Sunny
4251,Sunny
4252,Sunny
4253,Rainy
4254,Rainy
4255,Rainy
4256,Rainy
4257,Rainy
4258,Rainy
4259,Rainy
4260,Sunny
4261,Sunny
4262,Sunny
4263,Sunny
4264,Windy
4265,Rainy
4266,Rainy
4267,Rainy
4268,Rainy
4269,Rainy
4270,Windy
4271,Windy
4272,Sunny
4273,Sunny
4274,Rainy
4275,Sunny
4276,Sunny
4277,Sunny
4278,Sunny
4279,Sunny
4280,Sunny
4281,Rainy
4282,Rainy
4283,Rainy
4284,Rainy
4285,Windy
4286,Windy
4287,Windy
4288,Windy
4289,Windy
4290,Windy
4291,Windy
4292,Sunny
4293,Sunny
4294,Sunny
4295,Windy
4296,Windy
4297,Sunny
4298,Windy
4299,Windy
4300,Windy
4301,Windy
4302,Sunny
4303,Sunny
4304,Windy
4305,Sunny
4306,Sunny
4307,Sunny
4308,Sunny
4309,Sunny
4310,Windy
4311,Windy
4312,Windy
4313,Windy
4314,Sunny
4315,Sunny
4316,Sunny
4317,Sunny
4318,Sunny
4319,Windy
4320,Windy
4321,Windy
4322,Windy
4323,Sunny
4324,Sunny
4325,Rainy
4326,Rainy
4327,Windy
4328,Rainy
4329,Rainy
4330,Rainy
4331,Sunny
4332,Sunny
4333,Sunny
4334,Sunny
4335,Windy
4336,Sunny
4337,Sunny
4338,Sunny
4339,Sunny
4340,Sunny
4341,Sunny
4342,Sunny
4343,Sunny
4344,Sunny
4345,Sunny
4346,Sunny
4347,Rainy
4348,Rainy
4349,Rainy
4350,Rainy
4351,Rainy
4352,Rainy
4353,Windy
4354,Rainy
4355,Rainy
4356,Rainy
4357,Rainy
4358,Sunny
4359,Windy
4360,Windy
4361,Windy
4362,Windy
4363,Windy
4364,Windy
4365,Windy
4366,Windy
4367,Windy
4368,Sunny
4369,Sunny
4370,Sunny
4371,Rainy
4372,Rainy
4373,Rainy
4374,Rainy
4375,Rainy
4376,Rainy
4377,Windy
4378,Rainy
4379,Windy
4380,Sunny
4381,Sunny
4382,Rainy
4383,Windy
4384,Windy
4385,Rainy
4386,Rainy
4387,Rainy
4388,Rainy
4389,Rainy
4390,Rainy
4391,Rainy
4392,Rainy
4393,Rainy
4394,Rainy
4395,Rainy
4396,Rainy
4397,Rainy
4398,Rainy
4399,Windy
4400,Sunny
4401,Sunny
4402,Sunny
4403,Sunny
4404,Sunny
4405,Sunny
4406,Rainy
4407,Sunny
4408,Sunny
4409,Rainy
4410,Rainy
4411,Windy
4412,Rainy
4413,Rainy
4414,Windy
4415,Windy
4416,Windy
4417,Windy
4418,Rainy
4419,Windy
4420,Rainy
4421,Rainy
4422,Windy
4423,Windy
4424,Sunny
4425,Sunny
4426,Rainy
4427,Rainy
4428,Rainy
4429,Windy
4430,Windy
4431,Rainy
4432,Rainy
4433,Windy
4434,Windy
4435,Windy
4436,Sunny
4437,Sunny
4438,Windy
4439,Windy
4440,Windy
4441,Sunny
4442,Sunny
4443,Windy
4444,Rainy
4445,Rainy
4446,Rainy
4447,Rainy
4448,Rainy
4449,Rainy
4450,Rainy
4451,Rainy
4452,Windy
4453,Windy
4454,Windy
4455,Sunny
4456,Sunny
4457,Sunny
4458,Sunny
4459,Sunny
4460,Sunny
4461,Sunny
4462,Sunny
4463,Windy
4464,Rainy
4465,Rainy
4466,Rainy
4467,Rainy
4468,Windy
4469,Sunny
4470,Sunny
4471,Sunny
4472,Windy
4473,Sunny
4474,Rainy
4475,Windy
4476,Windy
4477,Windy
4478,Sunny
4479,Sunny
4480,Sunny
4481,Windy
4482,Windy
4483,Windy
4484,Windy
4485,Sunny
4486,Sunny
4487,Sunny
4488,Sunny
4489,Rainy
4490,Rainy
4491,Windy
4492,Rainy
4493,Rainy
4494,Rainy
4495,Rainy
4496,Rainy
4497,Rainy
4498,Rainy
4499,Rainy
4500,Rainy
4501,Rainy
4502,Rainy
4503,Rainy
4504,Sunny
4505,Rainy
4506,Rainy
4507,Windy
4508,Sunny
4509,Sunny
4510,Sunny
4511,Sunny
4512,Sunny
4513,Sunny
4514,Sunny
4515,Sunny
4516,Sunny
4517,Sunny
4518,Sunny
4519,Sunny
4520,Rainy
4521,Rainy
4522,Sunny
4523,Sunny
4524,Sunny
4525,Sunny
4526,Sunny
4527,Rainy
4528,Windy
4529,Windy
4530,Sunny
4531,Sunny
4532,Sunny
4533,Sunny
4534,Sunny
4535,Windy
4536,Windy
4537,Windy
4538,Rainy
4539,Rainy
4540,Windy
4541,Windy
4542,Sunny
4543,Windy
4544,Windy
4545,Windy
4546,Sunny
4547,Rainy
4548,Rainy
4549,Rainy
4550,Rainy
4551,Rainy
4552,Sunny
4553,Windy
4554,Windy
4555,Sunny
4556,Sunny
4557,Sunny
4558,Sunny
4559,Sunny
4560,Sunny
4561,Sunny
4562,Rainy
4563,Rainy
4564,Rainy
4565,Rainy
4566,Rainy
4567,Rainy
4568,Windy
4569,Rainy
4570,Rainy
4571,Rainy
4572,Rainy
4573,Rainy
4574,Rainy
4575,Sunny
4576,Sunny
4577,Sunny
4578,Sunny
4579,Windy
4580,Windy
4581,Windy
4582,Sunny
4583,Sunny
4584,Rainy
4585,Rainy
4586,Rainy
4587,Rainy
4588,Windy
4589,Rainy
4590,Rainy
4591,Sunny
4592,Sunny
4593,Sunny
4594,Rainy
4595,Sunny
4596,Sunny
4597,Sunny
4598,Windy
4599,Windy
4600,Windy
4601,Windy
4602,Rainy
4603,Rainy
4604,Windy
4605,Sunny
4606,Sunny
4607,Sunny
4608,Sunny
4609,Windy
4610,Windy
4611,Windy
4612,Windy
4613,Windy
4614,Windy
4615,Sunny
4616,Sunny
4617,Rainy
4618,Rainy
4619,Rainy
4620,Sunny
4621,Rainy
4622,Windy
4623,Sunny
4624,Sunny
4625,Rainy
4626,Windy
4627,Sunny
4628,Windy
4629,Sunny
4630,Sunny
4631,Rainy
4632,Rainy
4633,Rainy
4634,Rainy
4635,Windy
4636,Windy
4637,Rainy
4638,Rainy
4639,Sunny
4640,Windy
4641,Windy
4642,Sunny
4643,Sunny
4644,Sunny
4645,Rainy
4646,Rainy
4647,Rainy
4648,Rainy
4649,Rainy
4650,Rainy
4651,Rainy
4652,Rainy
4653,Rainy
4654,Windy
4655,Windy
4656,Windy
4657,Sunny
4658,Sunny
4659,Sunny
4660,Sunny
4661,Sunny
4662,Sunny
4663,Sunny
4664,Sunny
4665,Sunny
4666,Sunny
4667,Sunny
4668,Sunny
4669,Rainy
4670,Rainy
4671,Rainy
4672,Rainy
4673,Rainy
4674,Windy
4675,Windy
4676,Sunny
4677,Rainy
4678,Rainy
4679,Rainy
4680,Windy
4681,Windy
4682,Rainy
4683,Rainy
4684,Windy
4685,Windy
4686,Windy
4687,Windy
4688,Sunny
4689,Sunny
4690,Sunny
4691,Windy
4692,Sunny
4693,Windy
4694,Windy
4695,Windy
4696,Windy
4697,Rainy
4698,Rainy
4699,Rainy
4700,Windy
4701,Rainy
4702,Rainy
4703,Rainy
4704,Sunny
4705,Windy
4706,Rainy
4707,Windy
4708,Windy
4709,Sunny
4710,Sunny
4711,Sunny
4712,Sunny
4713,Sunny
4714,Sunny
4715,Sunny
4716,Sunny
4717,Sunny
4718,Sunny
4719,Rainy
4720,Rainy
4721,Windy
4722,Windy
4723,Sunny
4724,Sunny
4725,Sunny
4726,Sunny
4727,Sunny
4728,Rainy
4729,Rainy
4730,Rainy
4731,Windy
4732,Windy
4733,Windy
4734,Windy
4735,Rainy
4736,Windy
4737,Rainy
4738,Rainy
4739,Sunny
4740,Sunny
4741,Sunny
4742,Sunny
4743,Windy
4744,Windy
4745,Windy
4746,Rainy
4747,Rainy
4748,Rainy
4749,Rainy
4750,Rainy
4751,Sunny
4752,Sunny
4753,Sunny
4754,Sunny
4755,Sunny
4756,Sunny
4757,Sunny
4758,Sunny
4759,Sunny
4760,Sunny
4761,Sunny
4762,Windy
4763,Windy
4764,Rainy
4765,Rainy
4766,Sunny
4767,Windy
4768,Rainy
4769,Rainy
4770,Rainy
4771,Rainy
4772,Rainy
4773,Sunny
4774,Sunny
4775,Sunny
4776,Sunny
4777,Windy
4778,Sunny
4779,Sunny
4780,Sunny
4781,Sunny
4782,Sunny
4783,Windy
4784,Rainy
4785,Rainy
4786,Rainy
4787,Rainy
4788,Rainy
4789,Rainy
4790,Windy
4791,Rainy
4792,Rainy
4793,Windy
4794,Windy
4795,Windy
4796,Rainy
4797,Sunny
4798,Sunny
4799,Windy
4800,Rainy
4801,Rainy
4802,Rainy
4803,Sunny
4804,Sunny
4805,Sunny
4806,Windy
4807,Sunny
4808,Rainy
4809,Sunny
4810,Sunny
4811,Sunny
4812,Sunny
4813,Windy
4814,Rainy
4815,Sunny
4816,Sunny
4817,Rainy
4818,Rainy
4819,Rainy
4820,Windy
4821,Sunny
4822,Sunny
4823,Sunny
4824,Sunny
4825,Sunny
4826,Sunny
4827,Sunny
4828,Sunny
4829,Sunny
4830,Sunny
4831,Sunny
4832,Rainy
4833,Rainy
4834,Sunny
4835,Sunny
4836,Sunny
4837,Sunny
4838,Sunny
4839,Rainy
4840,Rainy
4841,Rainy
4842,Rainy
4843,Windy
4844,Rainy
4845,Windy
4846,Windy
4847,Rainy
4848,Sunny
4849,Windy
4850,Windy
4851,Windy
4852,Windy
4853,Windy
4854,Windy
4855,Windy
4856,Sunny
4857,Sunny
4858,Sunny
4859,Sunny
4860,Rainy
4861,Rainy
4862,Rainy
4863,Sunny
4864,Rainy
4865,Rainy
4866,Rainy
4867,Windy
4868,Windy
4869,Rainy
4870,Rainy
4871,Rainy
4872,Windy
4873,Sunny
4874,Sunny
4875,Sunny
4876,Sunny
4877,Sunny
4878,Sunny
4879,Sunny
4880,Rainy
4881,Rainy
4882,Rainy
4883,Rainy
4884,Rainy
4885,Rainy
4886,Rainy
4887,Windy
4888,Windy
4889,Sunny
4890,Sunny
4891,Rainy
4892,Sunny
4893,Sunny
4894,Sunny
4895,Sunny
4896,Sunny
4897,Sunny
4898,Sunny
4899,Rainy
4900,Rainy
4901,Rainy
4902,Rainy
4903,Windy
4904,Rainy
4905,Windy
4906,Sunny
4907,Sunny
4908,Sunny
4909,Sunny
4910,Sunny
4911,Sunny
4912,Sunny
4913,Rainy
4914,Rainy
4915,Sunny
4916,Sunny
4917,Sunny
4918,Rainy
4919,Sunny
4920,Sunny
4921,Sunny
4922,Sunny
4923,Windy
4924,Windy
4925,Sunny
4926,Sunny
4927,Sunny
4928,Rainy
4929,Rainy
4930,Rainy
4931,Rainy
4932,Rainy
4933,Rainy
4934,Rainy
4935,Rainy
4936,Rainy
4937,Sunny
4938,Sunny
4939,Sunny
4940,Windy
4941,Windy
4942,Sunny
4943,Sunny
4944,Sunny
4945,Sunny
4946,Sunny
4947,Sunny
4948,Sunny
4949,Sunny
4950,Sunny
4951,Rainy
4952,Rainy
4953,Rainy
4954,Windy
4955,Windy
4956,Rainy
4957,Windy
4958,Rainy
4959,Rainy
4960,Sunny
4961,Sunny
4962,Sunny
4963,Sunny
4964,Sunny
4965,Sunny
4966,Sunny
4967,Sunny
4968,Rainy
4969,Rainy
4970,Rainy
4971,Rainy
4972,Sunny
4973,Sunny
4974,Sunny
4975,Sunny
4976,Sunny
4977,Sunny
4978,Sunny
4979,Sunny
4980,Sunny
4981,Sunny
4982,Sunny
4983,Sunny
4984,Sunny
4985,Sunny
4986,Sunny
4987,Sunny
4988,Sunny
4989,Rainy
4990,Rainy
4991,Sunny
4992,Sunny
4993,Sunny
4994,Windy
4995,Rainy
4996,Rainy
4997,Rainy
4998,Rainy
4999,Rainy
5000,Sunny
